{"cameraMode":{"drawMode":0,"name":"Shaded","section":"Shading Mode"},"sceneLighting":false,"audioPlay":false,"sceneViewState":{"showFog":false,"showMaterialUpdate":false,"showSkybox":false,"showFlares":false,"showImageEffects":false,"showParticleSystems":false},"in2DMode":false,"pivot":{"x":1.6786785125732422,"y":-6.59970760345459,"z":-1.9447487592697144},"rotation":{"x":0.13088549673557282,"y":0.7095590829849243,"z":-0.13683061301708222,"w":0.6787284016609192},"size":28.01346206665039,"orthographic":false}