{"cameraMode":{"drawMode":0,"name":"Shaded","section":"Shading Mode"},"sceneLighting":true,"audioPlay":false,"sceneViewState":{"showFog":false,"showMaterialUpdate":false,"showSkybox":false,"showFlares":false,"showImageEffects":false,"showParticleSystems":false},"in2DMode":false,"pivot":{"x":600.1383056640625,"y":202.4591522216797,"z":91.3944091796875},"rotation":{"x":0.027898600324988366,"y":0.005997451953589916,"z":-0.00016728256014175713,"w":0.9995927810668945},"size":397.74383544921877,"orthographic":false}