{"cameraMode":{"drawMode":0,"name":"Shaded","section":"Shading Mode"},"sceneLighting":true,"audioPlay":false,"sceneViewState":{"showFog":false,"showMaterialUpdate":false,"showSkybox":false,"showFlares":false,"showImageEffects":false,"showParticleSystems":false},"in2DMode":false,"pivot":{"x":18.174789428710939,"y":-99.32234954833985,"z":125.02872467041016},"rotation":{"x":-0.34228235483169558,"y":-0.06111764907836914,"z":0.022316668182611467,"w":-0.9373416900634766},"size":168.1255340576172,"orthographic":false}