{"cameraMode":{"drawMode":0,"name":"Shaded","section":"Shading Mode"},"sceneLighting":false,"audioPlay":false,"sceneViewState":{"showFog":false,"showMaterialUpdate":false,"showSkybox":false,"showFlares":false,"showImageEffects":false,"showParticleSystems":false},"in2DMode":false,"pivot":{"x":-0.5479519963264465,"y":2.3569159507751467,"z":-0.42057275772094729},"rotation":{"x":0.3691319525241852,"y":0.0598834790289402,"z":-0.023841945454478265,"w":0.9271392822265625},"size":5.494073867797852,"orthographic":false}