{"cameraMode":{"drawMode":0,"name":"Shaded","section":"Shading Mode"},"sceneLighting":false,"audioPlay":false,"sceneViewState":{"showFog":false,"showMaterialUpdate":false,"showSkybox":false,"showFlares":false,"showImageEffects":false,"showParticleSystems":false},"in2DMode":false,"pivot":{"x":-0.2675144672393799,"y":1.472448706626892,"z":7.943569660186768},"rotation":{"x":-0.45134201645851138,"y":-0.012322957627475262,"z":0.006232552696019411,"w":-0.8922441601753235},"size":9.372224807739258,"orthographic":false}