{"cameraMode":{"drawMode":0,"name":"Shaded","section":"Shading Mode"},"sceneLighting":false,"audioPlay":false,"sceneViewState":{"showFog":false,"showMaterialUpdate":false,"showSkybox":false,"showFlares":false,"showImageEffects":false,"showParticleSystems":false},"in2DMode":false,"pivot":{"x":-3.981065511703491,"y":0.13074350357055665,"z":0.808314323425293},"rotation":{"x":0.2269076704978943,"y":-0.001461042440496385,"z":0.00034041027538478374,"w":0.9739151000976563},"size":39.908390045166019,"orthographic":false}