{"cameraMode":{"drawMode":0,"name":"Shaded","section":"Shading Mode"},"sceneLighting":false,"audioPlay":false,"sceneViewState":{"showFog":false,"showMaterialUpdate":false,"showSkybox":false,"showFlares":false,"showImageEffects":false,"showParticleSystems":false},"in2DMode":false,"pivot":{"x":1.2954984903335572,"y":-0.24859941005706788,"z":-0.7153160572052002},"rotation":{"x":-0.10541031509637833,"y":-0.015522241592407227,"z":0.0016444778302684427,"w":-0.9943063259124756},"size":7.295319557189941,"orthographic":false}