{"cameraMode":{"drawMode":0,"name":"Shaded","section":"Shading Mode"},"sceneLighting":false,"audioPlay":false,"sceneViewState":{"showFog":false,"showMaterialUpdate":false,"showSkybox":false,"showFlares":false,"showImageEffects":false,"showParticleSystems":false},"in2DMode":false,"pivot":{"x":1.95589017868042,"y":-0.639489471912384,"z":7.860657691955566},"rotation":{"x":-0.2162335366010666,"y":-0.6457810997962952,"z":0.19807875156402589,"w":-0.704964280128479},"size":4.931179046630859,"orthographic":false}